date,revenue,units_sold,product,region
2026-07-21,28.51,1,Pro Plan,United States
2026-07-21,198.35,2,Team Plan,Canada
2026-07-21,57.24,2,Pro Plan,United States
2026-07-21,27.66,1,Pro Plan,United States
2026-07-21,58.57,2,Pro Plan,United States
2026-07-21,60.42,2,Pro Plan,United States
2026-07-21,29.19,1,Pro Plan,United States
2026-07-21,55.06,2,Pro Plan,United States
2026-07-21,54.31,2,Pro Plan,Canada
2026-07-21,199.24,2,Team Plan,United States
2026-07-22,85.2,3,Pro Plan,United States
2026-07-22,63.94,2,Pro Plan,United States
2026-07-22,59.98,2,Pro Plan,United States
2026-07-22,99.94,1,Team Plan,United States
2026-07-22,79.81,3,Pro Plan,United States
2026-07-22,30.35,1,Pro Plan,United States
2026-07-22,28.66,1,Pro Plan,United States
2026-07-22,29.75,1,Pro Plan,United States
2026-07-22,105.38,1,Team Plan,United States
2026-07-22,96.21,1,Team Plan,United States
2026-07-22,178.42,2,Team Plan,Canada
2026-07-23,95.14,1,Team Plan,United States
2026-07-23,197.46,2,Team Plan,United States
2026-07-23,56.07,2,Pro Plan,United States
2026-07-23,59.69,2,Pro Plan,United States
2026-07-23,28.5,1,Pro Plan,United States
2026-07-24,31.31,1,Pro Plan,United States
2026-07-24,28.89,1,Pro Plan,Canada
2026-07-24,28.42,1,Pro Plan,United States
2026-07-24,95.95,1,Team Plan,United States
2026-07-24,193.53,2,Team Plan,United States
2026-07-25,55.25,2,Pro Plan,United States
2026-07-25,102.27,1,Team Plan,United States
2026-07-25,28.9,1,Pro Plan,United States
2026-07-25,56.57,2,Pro Plan,United States
2026-07-25,55.87,2,Pro Plan,United States
2026-07-25,204.37,2,Team Plan,United States
2026-07-25,99.83,1,Team Plan,United States
2026-07-25,28.35,1,Pro Plan,United States
2026-07-25,202.07,2,Team Plan,Canada
2026-07-26,55.26,2,Pro Plan,United States
2026-07-26,28.48,1,Pro Plan,Canada
2026-07-26,28.83,1,Pro Plan,United States
2026-07-27,96.43,1,Team Plan,United States
2026-07-27,29.18,1,Pro Plan,United States
2026-07-27,54.38,2,Pro Plan,United States
2026-07-27,55.8,2,Pro Plan,United States
2026-07-27,102.22,1,Team Plan,United States
2026-07-27,97.76,1,Team Plan,United States
2026-07-27,31.33,1,Pro Plan,United States
2026-07-27,62.6,2,Pro Plan,United States
2026-07-27,208.19,2,Team Plan,United States
2026-07-27,57.9,2,Pro Plan,Canada
2026-07-27,95.8,1,Team Plan,United States
2026-07-27,101.46,1,Team Plan,United States
2026-07-28,27.97,1,Pro Plan,United States
2026-07-28,28.51,1,Pro Plan,Canada
2026-07-28,90.43,3,Pro Plan,United States
2026-07-28,57.89,2,Pro Plan,Canada
2026-07-28,31.02,1,Pro Plan,Canada
2026-07-28,98.49,1,Team Plan,Canada
2026-07-28,104.08,1,Team Plan,United States
2026-07-28,58.25,2,Pro Plan,United States
2026-07-28,30.16,1,Pro Plan,United States
2026-07-28,198.63,2,Team Plan,United States
2026-07-28,28.97,1,Pro Plan,Canada
2026-07-28,97.4,1,Team Plan,United States
2026-07-28,29.03,1,Pro Plan,United States
2026-07-28,28.43,1,Pro Plan,United States
2026-07-28,27.06,1,Pro Plan,United States
2026-07-29,58.63,2,Pro Plan,United States
2026-07-29,56.0,2,Pro Plan,United States
2026-07-29,28.47,1,Pro Plan,United States
2026-07-29,26.67,1,Pro Plan,United States
2026-07-29,29.05,1,Pro Plan,United States
2026-07-29,58.61,2,Pro Plan,United States
2026-07-29,201.65,2,Team Plan,United States
2026-07-29,89.52,1,Team Plan,United States
2026-07-29,54.43,2,Pro Plan,Canada
2026-07-29,60.18,2,Pro Plan,United States
2026-07-29,29.45,1,Pro Plan,United States
2026-07-29,60.34,2,Pro Plan,United States
2026-07-29,59.19,2,Pro Plan,United States
2026-07-30,29.08,1,Pro Plan,United States
2026-07-30,28.56,1,Pro Plan,United States
2026-07-30,199.37,2,Team Plan,United States
2026-07-30,31.0,1,Pro Plan,United States
2026-07-30,95.39,1,Team Plan,Canada
2026-07-30,29.32,1,Pro Plan,United States
2026-07-30,194.2,2,Team Plan,United States
2026-07-30,57.55,2,Pro Plan,United States
2026-07-31,27.82,1,Pro Plan,United States
2026-07-31,96.96,1,Team Plan,United States
2026-07-31,55.44,2,Pro Plan,United States
2026-07-31,55.99,2,Pro Plan,United States
2026-07-31,28.86,1,Pro Plan,United States
2026-07-31,99.02,1,Team Plan,United States
2026-07-31,58.8,2,Pro Plan,Canada
2026-07-31,27.43,1,Pro Plan,United States
2026-07-31,90.77,1,Team Plan,United States
2026-08-01,28.83,1,Pro Plan,United States
2026-08-01,88.72,3,Pro Plan,United States
2026-08-01,102.53,1,Team Plan,Canada
2026-08-01,28.92,1,Pro Plan,United States
2026-08-01,27.95,1,Pro Plan,United States
2026-08-01,55.28,2,Pro Plan,Canada
2026-08-01,56.11,2,Pro Plan,United States
2026-08-02,29.83,1,Pro Plan,United States
2026-08-02,54.95,2,Pro Plan,United States
2026-08-02,57.77,2,Pro Plan,Canada
2026-08-02,30.68,1,Pro Plan,Canada
2026-08-03,203.13,2,Team Plan,United States
2026-08-03,57.02,2,Pro Plan,United States
2026-08-03,59.28,2,Pro Plan,United States
2026-08-03,91.13,1,Team Plan,United States
2026-08-03,204.18,2,Team Plan,United States
2026-08-03,31.42,1,Pro Plan,United States
2026-08-03,101.26,1,Team Plan,United States
2026-08-03,59.06,2,Pro Plan,United States
2026-08-03,100.84,1,Team Plan,United States
2026-08-03,58.3,2,Pro Plan,United States
2026-08-03,98.09,1,Team Plan,Canada
2026-08-03,98.62,1,Team Plan,Canada
2026-08-03,59.34,2,Pro Plan,United States
2026-08-03,194.39,2,Team Plan,United States
2026-08-04,31.07,1,Pro Plan,United States
2026-08-04,99.73,1,Team Plan,United States
2026-08-04,60.66,2,Pro Plan,United States
2026-08-04,90.89,3,Pro Plan,Canada
2026-08-04,54.92,2,Pro Plan,Canada
2026-08-04,190.26,2,Team Plan,United States
2026-08-04,196.54,2,Team Plan,Canada
2026-08-04,98.71,1,Team Plan,United States
2026-08-04,57.3,2,Pro Plan,United States
2026-08-04,188.8,2,Team Plan,Canada
2026-08-04,29.9,1,Pro Plan,United States
2026-08-04,27.61,1,Pro Plan,United States
2026-08-04,29.87,1,Pro Plan,United States
2026-08-05,29.99,1,Pro Plan,United States
2026-08-05,192.35,2,Team Plan,United States
2026-08-05,65.92,2,Pro Plan,United States
2026-08-05,193.52,2,Team Plan,United States
2026-08-05,197.36,2,Team Plan,United States
2026-08-05,290.88,3,Team Plan,United States
2026-08-05,94.79,1,Team Plan,United States
2026-08-05,94.3,1,Team Plan,United States
2026-08-05,30.28,1,Pro Plan,United States
2026-08-05,30.55,1,Pro Plan,United States
2026-08-05,87.67,3,Pro Plan,United States
2026-08-05,97.59,1,Team Plan,United States
2026-08-05,30.12,1,Pro Plan,United States
2026-08-05,28.59,1,Pro Plan,United States
2026-08-06,28.24,1,Pro Plan,United States
2026-08-06,28.76,1,Pro Plan,United States
2026-08-06,29.98,1,Pro Plan,United States
2026-08-06,59.56,2,Pro Plan,Canada
2026-08-06,54.06,2,Pro Plan,United States
2026-08-06,84.48,3,Pro Plan,United States
2026-08-06,306.49,3,Team Plan,United States
2026-08-06,27.44,1,Pro Plan,Canada
2026-08-06,90.56,3,Pro Plan,United States
2026-08-06,60.26,2,Pro Plan,United States
2026-08-06,296.09,3,Team Plan,United States
2026-08-06,58.28,2,Pro Plan,United States
2026-08-06,57.25,2,Pro Plan,United States
2026-08-06,27.12,1,Pro Plan,United States
2026-08-07,29.13,1,Pro Plan,United States
2026-08-07,54.01,2,Pro Plan,Canada
2026-08-07,306.97,3,Team Plan,United States
2026-08-07,29.0,1,Pro Plan,United States
2026-08-07,98.3,1,Team Plan,United States
2026-08-07,28.51,1,Pro Plan,United States
2026-08-07,60.52,2,Pro Plan,Canada
2026-08-07,191.67,2,Team Plan,Canada
2026-08-07,179.44,2,Team Plan,United States
2026-08-07,28.71,1,Pro Plan,Canada
2026-08-07,101.94,1,Team Plan,United States
2026-08-07,58.35,2,Pro Plan,United States
2026-08-07,100.31,1,Team Plan,United States
2026-08-07,59.03,2,Pro Plan,United States
2026-08-08,28.96,1,Pro Plan,United States
2026-08-08,60.38,2,Pro Plan,United States
2026-08-08,58.81,2,Pro Plan,United States
2026-08-08,196.97,2,Team Plan,United States
2026-08-08,28.72,1,Pro Plan,United States
2026-08-08,30.28,1,Pro Plan,United States
2026-08-08,57.33,2,Pro Plan,Canada
2026-08-08,60.61,2,Pro Plan,United States
2026-08-08,100.07,1,Team Plan,United States
2026-08-09,92.66,1,Team Plan,United States
2026-08-09,200.51,2,Team Plan,United States
2026-08-09,59.6,2,Pro Plan,United States
2026-08-09,53.74,2,Pro Plan,United States
2026-08-10,27.58,1,Pro Plan,United States
2026-08-10,29.68,1,Pro Plan,United States
2026-08-10,28.55,1,Pro Plan,United States
2026-08-10,83.35,3,Pro Plan,United States
2026-08-10,30.35,1,Pro Plan,United States
2026-08-10,58.78,2,Pro Plan,Canada
2026-08-10,56.68,2,Pro Plan,United States
2026-08-10,30.48,1,Pro Plan,United States
2026-08-10,31.82,1,Pro Plan,United States
2026-08-10,54.42,2,Pro Plan,United States
2026-08-10,29.69,1,Pro Plan,United States
2026-08-10,61.23,2,Pro Plan,Canada
2026-08-10,56.22,2,Pro Plan,United States
2026-08-10,99.97,1,Team Plan,United States
2026-08-10,195.76,2,Team Plan,United States
2026-08-10,30.41,1,Pro Plan,United States
2026-08-10,28.35,1,Pro Plan,United States
2026-08-10,58.24,2,Pro Plan,United States
2026-08-10,194.96,2,Team Plan,United States
2026-08-10,206.82,2,Team Plan,United States
2026-08-11,61.13,2,Pro Plan,United States
2026-08-11,59.01,2,Pro Plan,United States
2026-08-11,31.17,1,Pro Plan,United States
2026-08-11,198.05,2,Team Plan,United States
2026-08-11,28.52,1,Pro Plan,United States
2026-08-11,27.91,1,Pro Plan,United States
2026-08-11,27.58,1,Pro Plan,Canada
2026-08-11,56.63,2,Pro Plan,United States
2026-08-11,30.2,1,Pro Plan,United States
2026-08-11,56.85,2,Pro Plan,United States
2026-08-11,29.09,1,Pro Plan,Canada
2026-08-11,30.32,1,Pro Plan,United States
2026-08-12,56.88,2,Pro Plan,United States
2026-08-12,30.3,1,Pro Plan,United States
2026-08-12,29.63,1,Pro Plan,United States
2026-08-12,28.38,1,Pro Plan,United States
2026-08-12,28.41,1,Pro Plan,United States
2026-08-12,56.83,2,Pro Plan,United States
2026-08-12,29.07,1,Pro Plan,United States
2026-08-12,54.5,2,Pro Plan,United States
2026-08-12,83.42,3,Pro Plan,United States
2026-08-12,27.22,1,Pro Plan,United States
2026-08-12,30.35,1,Pro Plan,United States
2026-08-12,29.71,1,Pro Plan,United States
2026-08-12,96.6,1,Team Plan,United States
2026-08-12,30.74,1,Pro Plan,United States
2026-08-12,28.71,1,Pro Plan,United States
2026-08-12,29.05,1,Pro Plan,United States
2026-08-12,198.59,2,Team Plan,United States
2026-08-12,97.66,1,Team Plan,United States
2026-08-12,59.09,2,Pro Plan,Canada
2026-08-12,62.29,2,Pro Plan,United States
2026-08-13,103.86,1,Team Plan,United States
2026-08-13,27.06,1,Pro Plan,United States
2026-08-13,201.16,2,Team Plan,United States
2026-08-13,195.04,2,Team Plan,United States
2026-08-13,29.26,1,Pro Plan,Canada
2026-08-13,58.31,2,Pro Plan,United States
2026-08-13,59.34,2,Pro Plan,United States
2026-08-13,96.55,1,Team Plan,United States
2026-08-13,103.76,1,Team Plan,United States
2026-08-13,59.28,2,Pro Plan,United States
2026-08-13,60.51,2,Pro Plan,United States
2026-08-13,208.49,2,Team Plan,United States
2026-08-13,189.53,2,Team Plan,United States
2026-08-13,28.77,1,Pro Plan,United States
2026-08-13,26.42,1,Pro Plan,Canada
2026-08-13,297.51,3,Team Plan,United States
2026-08-13,55.34,2,Pro Plan,Canada
2026-08-13,28.58,1,Pro Plan,United States
2026-08-13,100.65,1,Team Plan,United States
2026-08-13,105.68,1,Team Plan,United States
2026-08-13,311.34,3,Team Plan,United States
2026-08-13,206.57,2,Team Plan,United States
2026-08-14,29.85,1,Pro Plan,United States
2026-08-14,28.27,1,Pro Plan,United States
2026-08-14,29.55,1,Pro Plan,Canada
2026-08-14,60.43,2,Pro Plan,United States
2026-08-14,54.25,2,Pro Plan,United States
2026-08-14,29.03,1,Pro Plan,United States
2026-08-14,27.07,1,Pro Plan,Canada
2026-08-14,204.91,2,Team Plan,United States
2026-08-14,62.16,2,Pro Plan,United States
2026-08-14,201.89,2,Team Plan,United States
2026-08-14,103.93,1,Team Plan,United States
2026-08-14,96.2,1,Team Plan,Canada
2026-08-15,29.17,1,Pro Plan,United States
2026-08-15,82.79,3,Pro Plan,United States
2026-08-15,186.61,2,Team Plan,Canada
2026-08-15,189.88,2,Team Plan,Canada
2026-08-15,56.09,2,Pro Plan,United States
2026-08-15,56.03,2,Pro Plan,United States
2026-08-15,28.81,1,Pro Plan,Canada
2026-08-15,56.34,2,Pro Plan,United States
2026-08-15,101.74,1,Team Plan,United States
2026-08-15,83.24,3,Pro Plan,United States
2026-08-15,58.95,2,Pro Plan,United States
2026-08-15,31.4,1,Pro Plan,United States
2026-08-15,91.52,3,Pro Plan,United States
2026-08-15,60.06,2,Pro Plan,Canada
2026-08-16,99.05,1,Team Plan,Canada
2026-08-16,60.57,2,Pro Plan,Canada
2026-08-16,56.3,2,Pro Plan,United States
2026-08-17,57.87,2,Pro Plan,United States
2026-08-17,55.62,2,Pro Plan,United States
2026-08-17,100.44,1,Team Plan,United States
2026-08-17,28.34,1,Pro Plan,United States
2026-08-17,103.11,1,Team Plan,United States
2026-08-17,61.73,2,Pro Plan,United States
2026-08-17,102.77,1,Team Plan,Canada
2026-08-17,101.49,1,Team Plan,Canada
2026-08-17,56.77,2,Pro Plan,United States
2026-08-17,99.73,1,Team Plan,United States
2026-08-17,54.76,2,Pro Plan,United States
2026-08-17,56.99,2,Pro Plan,Canada
2026-08-17,28.73,1,Pro Plan,United States
2026-08-18,51.8,2,Pro Plan,United States
2026-08-18,57.74,2,Pro Plan,United States
2026-08-18,56.14,2,Pro Plan,Canada
2026-08-18,99.8,1,Team Plan,United States
2026-08-18,58.1,2,Pro Plan,United States
2026-08-18,203.14,2,Team Plan,United States
2026-08-18,25.72,1,Pro Plan,United States
2026-08-18,184.61,2,Team Plan,Canada
2026-08-18,59.55,2,Pro Plan,Canada
2026-08-18,28.43,1,Pro Plan,United States
2026-08-18,91.64,3,Pro Plan,Canada
2026-08-18,28.59,1,Pro Plan,Canada
2026-08-18,28.7,1,Pro Plan,Canada
2026-08-18,61.6,2,Pro Plan,United States
2026-08-18,27.58,1,Pro Plan,Canada
2026-08-18,28.37,1,Pro Plan,United States
2026-08-18,97.11,1,Team Plan,United States
2026-08-19,99.65,1,Team Plan,United States
2026-08-19,93.07,1,Team Plan,United States
2026-08-19,92.4,1,Team Plan,United States
2026-08-19,58.84,2,Pro Plan,United States
2026-08-19,86.16,3,Pro Plan,United States
2026-08-19,58.77,2,Pro Plan,United States
2026-08-19,58.54,2,Pro Plan,United States
2026-08-19,59.68,2,Pro Plan,United States
2026-08-19,27.65,1,Pro Plan,United States
2026-08-19,28.66,1,Pro Plan,United States
2026-08-19,96.76,1,Team Plan,United States
2026-08-19,57.11,2,Pro Plan,United States
2026-08-19,98.33,1,Team Plan,United States
2026-08-19,200.06,2,Team Plan,United States
2026-08-20,56.56,2,Pro Plan,Canada
2026-08-20,103.12,1,Team Plan,United States
2026-08-20,100.79,1,Team Plan,Canada
2026-08-20,59.24,2,Pro Plan,Canada
2026-08-20,58.28,2,Pro Plan,United States
2026-08-20,56.87,2,Pro Plan,Canada
2026-08-20,60.54,2,Pro Plan,United States
2026-08-20,185.27,2,Team Plan,United States
2026-08-20,100.21,1,Team Plan,United States
2026-08-20,60.78,2,Pro Plan,United States
2026-08-20,202.97,2,Team Plan,United States
2026-08-20,26.9,1,Pro Plan,United States
2026-08-20,27.79,1,Pro Plan,United States
2026-08-20,56.31,2,Pro Plan,United States
2026-08-20,56.21,2,Pro Plan,United States
2026-08-20,291.2,3,Team Plan,United States
2026-08-20,284.6,3,Team Plan,United States
2026-08-20,27.57,1,Pro Plan,United States
2026-08-20,202.25,2,Team Plan,United States
2026-08-21,210.52,2,Team Plan,Canada
2026-08-21,28.41,1,Pro Plan,United States
2026-08-21,29.23,1,Pro Plan,United States
2026-08-21,31.02,1,Pro Plan,United States
2026-08-21,28.15,1,Pro Plan,United States
2026-08-21,99.48,1,Team Plan,Canada
2026-08-21,58.91,2,Pro Plan,United States
2026-08-21,53.47,2,Pro Plan,United States
2026-08-21,99.5,1,Team Plan,United States
2026-08-21,53.93,2,Pro Plan,United States
2026-08-21,29.24,1,Pro Plan,United States
2026-08-21,27.9,1,Pro Plan,United States
2026-08-21,56.06,2,Pro Plan,United States
2026-08-21,27.34,1,Pro Plan,United States
2026-08-21,103.61,1,Team Plan,United States
2026-08-21,213.71,2,Team Plan,Canada
2026-08-21,59.91,2,Pro Plan,United States
2026-08-21,100.76,1,Team Plan,United States
2026-08-21,92.44,1,Team Plan,Canada
2026-08-21,29.01,1,Pro Plan,Canada
2026-08-21,101.01,1,Team Plan,United States
2026-08-21,189.55,2,Team Plan,United States
2026-08-22,182.63,2,Team Plan,United States
2026-08-22,55.74,2,Pro Plan,Canada
2026-08-22,30.29,1,Pro Plan,Canada
2026-08-22,99.97,1,Team Plan,United States
2026-08-22,28.94,1,Pro Plan,Canada
2026-08-22,55.94,2,Pro Plan,United States
2026-08-22,55.87,2,Pro Plan,United States
2026-08-22,30.34,1,Pro Plan,United States
2026-08-22,29.45,1,Pro Plan,United States
2026-08-22,30.18,1,Pro Plan,United States
2026-08-22,28.72,1,Pro Plan,Canada
2026-08-22,61.17,2,Pro Plan,Canada
2026-08-23,56.8,2,Pro Plan,United States
2026-08-23,60.15,2,Pro Plan,United States
2026-08-23,95.61,1,Team Plan,Canada
2026-08-23,55.02,2,Pro Plan,United States
2026-08-23,30.04,1,Pro Plan,United States
2026-08-23,103.35,1,Team Plan,United States
2026-08-23,100.83,1,Team Plan,United States
2026-08-23,55.7,2,Pro Plan,United States
2026-08-23,58.17,2,Pro Plan,United States
2026-08-23,97.35,1,Team Plan,United States
2026-08-24,99.17,1,Team Plan,United States
2026-08-24,205.43,2,Team Plan,Canada
2026-08-24,88.97,3,Pro Plan,United States
2026-08-24,30.09,1,Pro Plan,Canada
2026-08-24,57.64,2,Pro Plan,United States
2026-08-24,28.83,1,Pro Plan,United States
2026-08-24,59.83,2,Pro Plan,Canada
2026-08-24,56.77,2,Pro Plan,United States
2026-08-24,96.49,1,Team Plan,United States
2026-08-24,88.67,3,Pro Plan,United States
2026-08-24,193.08,2,Team Plan,United States
2026-08-24,30.62,1,Pro Plan,Canada
2026-08-24,57.13,2,Pro Plan,United States
2026-08-24,58.93,2,Pro Plan,United States
2026-08-24,193.16,2,Team Plan,United States
2026-08-25,108.67,1,Team Plan,United States
2026-08-25,56.74,2,Pro Plan,Canada
2026-08-25,58.74,2,Pro Plan,United States
2026-08-25,27.9,1,Pro Plan,United States
2026-08-25,27.74,1,Pro Plan,Canada
2026-08-25,27.46,1,Pro Plan,United States
2026-08-25,28.49,1,Pro Plan,Canada
2026-08-25,29.68,1,Pro Plan,Canada
2026-08-25,55.44,2,Pro Plan,United States
2026-08-25,27.65,1,Pro Plan,United States
2026-08-25,28.57,1,Pro Plan,United States
2026-08-25,98.29,1,Team Plan,United States
2026-08-25,27.79,1,Pro Plan,United States
2026-08-25,60.29,2,Pro Plan,United States
2026-08-25,27.46,1,Pro Plan,United States
2026-08-26,57.16,2,Pro Plan,United States
2026-08-26,58.82,2,Pro Plan,United States
2026-08-26,29.65,1,Pro Plan,United States
2026-08-26,31.45,1,Pro Plan,United States
2026-08-26,28.0,1,Pro Plan,United States
2026-08-26,93.58,1,Team Plan,United States
2026-08-26,106.11,1,Team Plan,United States
2026-08-26,86.0,3,Pro Plan,United States
2026-08-26,28.35,1,Pro Plan,United States
2026-08-26,60.2,2,Pro Plan,United States
2026-08-26,86.18,3,Pro Plan,United States
2026-08-26,26.98,1,Pro Plan,United States
2026-08-26,30.58,1,Pro Plan,United States
2026-08-26,55.73,2,Pro Plan,United States
2026-08-26,63.15,2,Pro Plan,United States
2026-08-26,306.07,3,Team Plan,United States
2026-08-26,59.0,2,Pro Plan,United States
2026-08-26,30.34,1,Pro Plan,Canada
2026-08-26,56.81,2,Pro Plan,United States
2026-08-27,29.44,1,Pro Plan,United States
2026-08-27,60.08,2,Pro Plan,United States
2026-08-27,28.96,1,Pro Plan,United States
2026-08-27,193.17,2,Team Plan,United States
2026-08-27,114.74,4,Pro Plan,Canada
2026-08-27,104.27,1,Team Plan,Canada
2026-08-27,55.7,2,Pro Plan,Canada
2026-08-27,55.48,2,Pro Plan,United States
2026-08-27,194.99,2,Team Plan,Canada
2026-08-27,201.65,2,Team Plan,United States
2026-08-27,29.02,1,Pro Plan,Canada
2026-08-27,57.98,2,Pro Plan,Canada
2026-08-27,59.15,2,Pro Plan,United States
2026-08-27,56.35,2,Pro Plan,United States
2026-08-27,95.36,1,Team Plan,United States
2026-08-27,105.75,1,Team Plan,United States
2026-08-27,96.59,1,Team Plan,United States
2026-08-27,58.09,2,Pro Plan,United States
2026-08-27,98.19,1,Team Plan,United States
2026-08-27,60.91,2,Pro Plan,United States
2026-08-28,54.13,2,Pro Plan,United States
2026-08-28,200.9,2,Team Plan,United States
2026-08-28,29.13,1,Pro Plan,United States
2026-08-28,206.37,2,Team Plan,Canada
2026-08-28,28.58,1,Pro Plan,United States
2026-08-28,275.02,3,Team Plan,United States
2026-08-28,30.33,1,Pro Plan,Canada
2026-08-28,29.44,1,Pro Plan,United States
2026-08-28,60.86,2,Pro Plan,United States
2026-08-28,27.04,1,Pro Plan,Canada
2026-08-28,28.43,1,Pro Plan,United States
2026-08-28,28.31,1,Pro Plan,United States
2026-08-28,192.63,2,Team Plan,United States
2026-08-28,28.5,1,Pro Plan,United States
2026-08-28,28.73,1,Pro Plan,United States
2026-08-28,61.5,2,Pro Plan,United States
2026-08-28,97.19,1,Team Plan,United States
2026-08-28,28.28,1,Pro Plan,United States
2026-08-28,29.06,1,Pro Plan,United States
2026-08-28,186.73,2,Team Plan,United States
2026-08-28,54.99,2,Pro Plan,United States
2026-08-28,201.6,2,Team Plan,United States
2026-08-28,28.11,1,Pro Plan,United States
2026-08-29,279.27,3,Team Plan,United States
2026-08-29,96.84,1,Team Plan,United States
2026-08-29,28.96,1,Pro Plan,United States
2026-08-29,199.89,2,Team Plan,United States
2026-08-29,92.08,1,Team Plan,United States
2026-08-29,58.72,2,Pro Plan,United States
2026-08-29,28.54,1,Pro Plan,United States
2026-08-29,27.92,1,Pro Plan,United States
2026-08-29,99.71,1,Team Plan,United States
2026-08-29,99.48,1,Team Plan,Canada
2026-08-29,193.64,2,Team Plan,United States
2026-08-29,29.32,1,Pro Plan,United States
2026-08-29,27.47,1,Pro Plan,United States
2026-08-29,28.73,1,Pro Plan,United States
2026-08-30,101.88,1,Team Plan,United States
2026-08-30,58.14,2,Pro Plan,United States
2026-08-30,200.45,2,Team Plan,United States
2026-08-30,60.25,2,Pro Plan,United States
2026-08-30,207.19,2,Team Plan,United States
2026-08-30,59.35,2,Pro Plan,United States
2026-08-30,27.39,1,Pro Plan,United States
2026-08-30,59.97,2,Pro Plan,United States
2026-08-30,101.36,1,Team Plan,United States
2026-08-30,28.62,1,Pro Plan,Canada
2026-08-30,27.81,1,Pro Plan,Canada
2026-08-30,27.8,1,Pro Plan,United States
2026-08-30,29.41,1,Pro Plan,United States
2026-08-30,28.55,1,Pro Plan,United States
2026-08-30,59.75,2,Pro Plan,United States
2026-08-30,55.31,2,Pro Plan,United States
2026-08-30,58.44,2,Pro Plan,United States
2026-08-30,60.39,2,Pro Plan,Canada
2026-08-31,28.71,1,Pro Plan,United States
2026-08-31,60.76,2,Pro Plan,United States
2026-08-31,27.76,1,Pro Plan,United States
2026-08-31,201.57,2,Team Plan,United States
2026-08-31,58.18,2,Pro Plan,Canada
2026-08-31,57.65,2,Pro Plan,United States
2026-08-31,59.6,2,Pro Plan,United States
2026-08-31,99.62,1,Team Plan,United States
2026-08-31,82.9,3,Pro Plan,Canada
2026-08-31,26.77,1,Pro Plan,United States
2026-08-31,309.74,3,Team Plan,United States
2026-08-31,100.28,1,Team Plan,United States
2026-08-31,28.72,1,Pro Plan,United States
2026-08-31,58.74,2,Pro Plan,United States
2026-08-31,28.58,1,Pro Plan,Canada
2026-08-31,29.67,1,Pro Plan,United States
2026-08-31,53.91,2,Pro Plan,Canada
2026-08-31,54.32,2,Pro Plan,United States
2026-08-31,55.11,2,Pro Plan,United States
2026-08-31,28.5,1,Pro Plan,United States
2026-08-31,58.35,2,Pro Plan,United States
